日期,振幅,电流,转速,机器告警
2022-11-24,0.0055665534082840196,2.8449302998559,962,1
2022-04-25,0.006976896426257196,2.4614971057029043,1089,1
2022-10-07,0.004346941631470808,2.6531530918111623,907,1
2022-02-17,0.01093189874018017,2.7032131728620175,906,1
2022-10-15,0.009941882534332425,2.789930662667714,1039,1
2022-08-03,0.011022031102034835,2.753559410325545,901,1
2022-03-23,0.03490696974941134,2.604150309910795,939,1
2022-04-21,0.04786065361033906,2.601956727067576,923,1
2022-07-14,0.004835818841673201,2.908496619808476,1054,1
2022-05-16,0.04035641366371901,2.8378390720162905,1037,1
2022-03-05,0.048655788198968535,2.627120626325012,1041,0
2022-05-31,0.04147023321264975,2.7711118514185475,992,0
2022-10-23,0.009614429512832996,2.4417330892942446,1069,0
2022-04-27,0.0386534170394346,2.9911329123964547,959,0
2022-02-21,0.01900631125195831,2.672046181421061,993,0
2022-03-25,0.018509048355844132,2.5257042184628924,968,0
2022-12-26,0.0468327293856247,2.7888212311479563,1055,0
2022-11-22,0.00855693240990485,2.8374760787702096,941,0
2022-08-25,0.01897277208788239,2.9937140103819573,1063,0
2022-12-19,0.02784748718873231,2.8107685505939246,1096,0
2022-01-29,0.01145240359820522,2.4192601463424226,980,0
2022-07-25,0.013387043798785137,2.5265897061517957,1045,0
2022-06-11,0.010631327202707031,2.6995387556953663,1064,0
2022-08-23,0.007143579522103133,2.4837781917153037,1090,0
2022-10-15,0.02694886448336452,2.8482082869913548,1009,0
2022-10-26,0.019970025257019866,2.53159245549437,935,0
2022-09-18,0.024675791744481552,2.8534692945202424,928,0
2022-03-20,0.031372302085154506,2.8752476186177782,1008,0
2022-11-02,0.003176385307597857,2.628971571903922,1019,0
2022-09-28,0.012570705999090659,2.7319355377291723,902,0
2022-12-15,0.036036090968009735,2.809026221415945,1037,0
2022-05-17,0.0384299366328723,2.604105283818627,975,0
2022-08-11,0.007907887717233487,2.4019471896610374,1084,0
2022-05-15,0.04859440494350572,2.857177319431239,1029,0
2022-02-24,0.043525928491838346,2.57906687486918,1063,0
2022-09-17,0.030448510571908616,2.4917035611297806,1095,0
2022-03-24,0.02696895150598129,2.867175887178335,1035,0
2022-01-01,0.029947229223011452,2.6931634248173686,928,0
2022-07-05,0.04393609389115921,2.8989993176167075,978,0
2022-05-03,0.002896258324709378,2.9268057595224244,920,0
2022-02-13,0.03659537974223139,2.889613952052053,1094,0
2022-09-30,0.03829172146534939,2.4770348786998575,1021,0
2022-10-09,0.008256347948706383,2.7166042724509523,1055,0
2022-08-05,0.048218145300372765,2.957348095801306,1093,0
2022-12-20,0.010057553169484796,2.587029774780537,1071,0
2022-11-29,0.01867102512646469,2.9397684507857673,1015,0
2022-03-03,0.012395280683300397,2.438415537795807,905,0
2022-10-29,0.02769607612122399,2.7530640686462107,901,0
2022-02-06,0.0353920473274227,2.435324260125794,917,0
2022-01-17,0.042981770012687326,2.442514409933192,960,0
2022-05-23,0.03344888891481403,2.5285420844222632,933,0
2022-10-20,0.028810582486044997,2.5457983454374347,1021,0
2022-07-28,0.009520495718093887,2.458158488537294,1010,0
2022-07-01,0.02117893115099604,2.680214800822005,1086,0
2022-01-28,0.03366822736466508,2.9904991268195795,925,0
2022-02-01,0.02013106410511344,2.6035815632369776,927,0
2022-05-08,0.009579503607082701,2.7217714523462067,935,0
2022-08-05,0.009174401789361663,2.6775768410405805,919,0
2022-08-15,0.04040111223658513,2.913580135481024,925,0
2022-01-26,0.032607244699926104,2.724352762860183,903,0
2022-02-17,0.046318349150406384,2.9092174406485833,942,0
2022-07-28,0.024282056272535924,2.5282483795195088,1002,0
2022-01-31,0.008231856070076343,2.401293227010856,999,0
2022-05-16,0.04632590367796667,2.871077614076473,973,0
2022-08-05,0.03482957518000813,2.8383031904492797,1100,0
2022-10-12,0.03309356559753726,2.6920028469925974,948,0
2022-06-01,0.010885044920708749,2.4350899752043795,1088,0
2022-10-05,0.003047878573825791,2.5881628858618373,912,0
2022-10-27,0.023839425855446746,2.951632278499245,1035,0
2022-03-22,0.002843978986434226,2.704697098196051,947,0
2022-02-05,0.029751755322501384,2.8051275321624543,960,0
2022-07-26,0.00599433069735621,2.9341723884776627,963,0
2022-10-24,0.029725957676672063,2.771628906199262,1007,0
2022-12-03,0.029183614464561237,2.7136696293191753,966,0
2022-04-15,0.03348629873849146,2.5885103176773456,967,0
2022-07-22,0.0065439141063728225,2.7873004733025897,1017,0
2022-06-11,0.04645091658527571,2.961440572466894,902,0
2022-08-23,0.03105796277465464,2.737796187383368,925,0
2022-02-07,0.026881720205081366,2.703530816429259,933,0
2022-06-28,0.04404320868432198,2.9275621454907257,994,0
2022-05-26,0.0078873416178616,2.900246972783884,1080,0
2022-06-04,0.030583888286297507,2.9923398381789026,1067,0
2022-09-28,0.00039115535760789747,2.8902624810692767,976,0
2022-12-06,0.005179325095910576,2.9268761789841555,967,0
2022-03-01,0.04448563535028546,2.8454500103885993,939,0
2022-05-20,0.014087813572894715,2.526377792884166,987,0
2022-04-15,0.03437485644006653,2.9117476892351384,1029,0
2022-09-08,0.012556062603494705,2.944895427731143,913,0
2022-02-17,0.03171422236545971,2.8976088536233315,911,0
2022-01-02,0.016677826930254408,2.478491796421021,967,0
2022-03-24,0.03706154541739654,2.7310082526758346,1009,0
2022-10-15,0.0004834849804169983,2.4451463160442604,1076,0
2022-03-18,0.027279514460276117,2.90075701193161,1049,0
2022-10-10,0.007404689278374133,2.4764673115692832,978,0
2022-07-06,0.044949074437129505,2.877673382932825,910,0
2022-07-03,0.010503826916987702,2.5497178435337546,926,0
2022-07-01,0.03900581209357214,2.9304808208706055,1004,0
2022-11-14,0.037473880557176965,2.955458293541734,960,0
2022-03-25,0.04881030164654815,2.886463031964238,1005,0
2022-01-13,0.00896803317091035,2.9546923771449274,1100,0
2022-07-30,0.04011175694685695,2.9184384170251674,963,0
2022-05-17,0.007959892149036562,2.8207669128839474,997,0
2022-01-20,0.042929662566889085,2.5334602305273988,1017,0
2022-06-29,0.015259543366930028,2.877207299491717,958,0
2022-04-25,0.001183221735072576,2.515877872996625,984,0
2022-05-23,0.04321764710151432,2.9801334624290168,971,0
2022-06-29,0.032074086930381385,2.6398070306160366,1037,0
2022-06-19,0.046961857016235786,2.4692050511108565,966,0
2022-04-02,0.02902948668693539,2.9901303437298523,909,0
2022-02-25,0.029828562749387236,2.60741226700788,980,0
2022-08-12,0.030310442665307163,2.7068538358016867,998,0
2022-10-23,0.009503938725114803,2.4266319202279387,1011,0
2022-01-01,0.02599601742832927,2.8839065218200624,1075,0
2022-12-10,0.00985175645508672,2.6587784397749923,1070,0
2022-06-19,0.03115777049732046,2.7980324857593266,931,0
2022-06-03,0.02535612520176346,2.800135742463438,983,0
2022-07-26,0.03486042070971995,2.7326474866000763,949,0
2022-08-04,0.033246471710638575,2.627487166273525,1091,0
2022-03-31,0.03077574579756903,2.580569924739339,1040,0
2022-01-01,0.01519374746341769,2.526109610929585,1048,0
2022-11-07,0.032735281185153585,2.6789929141482087,1013,0
2022-12-12,0.010685070049455014,2.683911711545596,1088,0
2022-03-28,0.03294253724992109,2.5702718429958162,1069,0
2022-11-21,0.030963040268118774,2.4560323200453373,1092,0
2022-05-01,0.033639783527858354,2.5347843995983728,950,0
2022-03-17,0.001221269386341317,2.54690552644701,1021,0
2022-11-09,0.0424868847312366,2.4436969375107416,1006,0
2022-11-19,0.02878354497046591,2.831007549299393,998,0
2022-09-11,0.019982643143826886,2.488542807054779,1076,0
2022-01-03,0.04463299131056833,2.916264339253513,927,0
2022-08-06,0.010942056840615971,2.8824659137038857,1078,0
2022-09-23,0.02322749422871261,2.7344434764200374,931,0
2022-08-22,0.0066669552778514446,2.678785942498942,1035,0
2022-10-14,0.029772615923470986,2.9700237650658936,1013,0
2022-11-10,0.0407503253665842,2.935212177804611,1009,0
2022-10-08,0.022295680603835022,2.4954947445257996,1021,0
2022-08-19,0.012959577423250969,2.548343842505796,1063,0
2022-05-22,0.038290684214858275,2.7127798876967892,1060,0
2022-05-03,0.013729872345876915,2.4464900123188413,973,0
2022-05-01,0.013585755354109231,2.5918257410512573,1038,0
2022-02-11,0.006918703075807786,2.538756887836912,1077,0
2022-03-20,0.035320957084727614,2.4385373104283268,1004,0
2022-06-19,0.02713055702519577,2.6494645404618935,952,0
2022-08-04,0.01947384063334706,2.861877463388798,1078,0
2022-01-11,0.042836601615196715,2.8593567456708415,997,0
2022-09-02,0.00029480417919965367,2.611055281603095,1092,0
2022-07-19,0.04267239752845523,2.9720582030820637,1007,0
2022-10-03,0.03737578344890254,2.7276793858403034,1054,0
2022-04-23,0.024411473877512524,2.563761187057954,1024,0
2022-01-15,0.019442860162306404,2.80132417237375,1003,0
2022-03-26,0.04202528315312793,2.9517249724013856,1059,0
2022-10-01,0.0013483225952568845,2.636412153803823,1044,0
2022-12-06,0.0013551023170156218,2.7856497888056015,934,0
2022-08-25,0.009086451325671608,2.556093788351583,983,0
2022-04-19,0.022734966250824107,2.6025003288443225,997,0
2022-05-23,0.03760049117773925,2.8991545710931637,964,0
2022-02-11,0.023515341810652346,2.84941455664971,913,0
2022-06-29,0.01121110828598741,2.4411710222716616,1066,0
2022-01-21,0.03771166020297631,2.9697670396295934,951,0
2022-01-11,0.031066782829307894,2.5431269651333435,1021,0
2022-12-09,0.005719472305465329,2.968654213329991,1019,0
2022-12-25,0.01281218482810933,2.621337104593765,1055,0
2022-11-07,0.04818673720506044,2.831014337157605,1099,0
2022-03-25,0.04823603865170439,2.464859249794564,906,0
2022-06-09,0.028789836420620708,2.9448156906284666,996,0
2022-07-23,0.04707352992706548,2.518997866255029,1051,0
2022-12-20,0.04152858168901592,2.545709628322279,1078,0
2022-06-04,0.042514661954439814,2.7602469688901063,930,0
2022-10-17,0.039131767318050986,2.608322259185069,1009,0
2022-12-05,0.018528543810902808,2.7035764738062467,987,0
2022-01-07,0.04247878134997887,2.8933985508540347,927,0
2022-08-10,0.048039378360728933,2.7813510636608676,1017,0
2022-12-29,0.007649557454692996,2.5056821766516357,1033,0
2022-11-30,0.013504119819370042,2.8849195312840537,1037,0
2022-09-05,0.023243688581725392,2.8954407590524536,1051,0
2022-05-18,0.01611522914905591,2.5472971014562145,922,0
2022-05-23,0.0440815592001386,2.5463180635145735,1018,0
2022-10-19,0.03051658521152603,2.6273935824769583,907,0
2022-09-11,0.042547641815622955,2.509103914294615,954,0
2022-07-01,0.039891617841404825,2.60420330589857,1052,0
2022-12-26,0.04400536726276151,2.7334746167517503,1032,0
2022-04-08,0.004280648097901063,2.8320447984625163,1025,0
2022-10-12,0.03790823267412333,2.814365603667914,1065,0
2022-12-31,0.024541066753929308,2.8757597208793904,923,0
2022-05-31,0.011079820023626508,2.815072293177121,978,0
2022-12-06,0.02907777926661836,2.683956293255715,1035,0
2022-06-26,0.02127519063526074,2.8475612620281656,984,0
2022-06-30,0.03514274710928845,2.5625498561857176,964,0
2022-04-29,0.006032794237615291,2.5155505760709103,930,0
2022-10-02,0.04754387801967174,2.814098132484331,949,0
2022-04-21,0.03693023267544753,2.5658997761812135,1050,0
2022-09-26,0.02983953702561509,2.9883063782775077,949,0
2022-06-01,0.011374158174127735,2.507664926211242,903,0
2022-12-29,0.026706754463383164,2.5645867960699604,913,0
2022-10-11,0.014606832227638878,2.9664537688774444,1063,0
2022-09-09,0.005129382339388033,2.4073592420253047,972,0
2022-08-29,0.023935710430319904,2.6044235595361753,913,0
2022-05-10,0.047053179838405165,2.6866375123594124,916,0
2022-07-25,0.024587328014553402,2.746212693882491,1075,0
2022-01-28,0.007586350347547822,2.8866852457650287,977,0
2022-02-13,0.04969590613551101,2.4710709373268767,1095,0
2022-08-02,0.03031588256214814,2.8744444979060515,957,0
2022-09-25,0.01901890130732747,2.9451026265742826,976,0
2022-10-29,0.0495015630233399,2.5832281465916163,1058,0
2022-01-31,0.03048154561225652,2.844053583290727,1095,0
2022-04-17,0.03127575152033016,2.5587876751740044,920,0
2022-03-22,0.01199325888373462,2.7311953473466555,940,0
2022-01-02,0.020425878633001333,2.8136226814708616,1020,0
2022-05-30,0.0016319927690462144,2.5728629337562134,972,0
2022-12-26,0.04298033656702613,2.4427078560920874,959,0
2022-05-16,0.03939140133233657,2.7750348042985333,1069,0
2022-04-12,0.021256948305210584,2.726737427226347,1065,0
2022-03-18,0.04542057226063031,2.8959786957900358,918,0
2022-01-31,0.008296139461036234,2.5845670875685394,1091,0
2022-10-19,0.04605962644838191,2.6634920692042425,1019,0
2022-12-19,0.015204559527238337,2.6415051114976835,969,0
2022-09-14,0.0269990781299007,2.6626553181429586,1053,0
2022-01-21,0.044471144464622685,2.8407203539713692,1054,0
2022-05-09,0.0012932446194167725,2.5373546494330963,1072,0
2022-10-22,0.02935614658548917,2.4124472737293203,1095,0
2022-12-11,0.04107106226291918,2.745748190761648,1095,0
2022-03-31,0.02352504116258168,2.790905693660212,971,0
2022-04-03,0.04984727374662817,2.6615309922462016,1025,0
2022-02-16,0.023500519748017586,2.645008856058009,982,0
2022-12-10,0.005229994229127871,2.4964949115953012,1005,0
2022-12-22,0.02477345104821689,2.797550122194857,1002,0
2022-10-09,0.0018348565156854346,2.452835875665473,964,0
2022-06-15,0.005796080071547894,2.863528755623885,1031,0
2022-01-01,0.03288301932415645,2.725556156614317,1005,0
2022-01-28,0.009379127069726358,2.6170676154910053,1093,0
2022-09-13,0.03127043710725045,2.85599432163661,952,0
2022-05-17,0.027460981954266585,2.956603656506669,1012,0
2022-12-24,0.024235589847499905,2.417321665464998,1061,0
2022-11-08,0.039965686663723535,2.8258696950601556,979,0
2022-10-10,0.0006837232233030344,2.6447944123739413,957,0
2022-02-28,0.02307239470893917,2.4704796894537346,939,0
2022-09-13,0.04663265299670522,2.5751169361570714,1080,0
2022-05-20,0.020774517146767653,2.6894997461747137,1020,0
2022-05-05,0.02283932363661568,2.4867851810913653,948,0
2022-11-03,0.025412044579644702,2.9275957530878856,917,0
2022-05-22,0.038633756633850255,2.9126474279833245,987,0
2022-09-17,0.013358633153345241,2.401539155615146,1085,0
2022-06-02,0.04187379613032107,2.7479540303300425,1068,0
2022-09-08,0.043263029735012136,2.6679284358259165,1023,0
2022-06-26,0.016621997785537468,2.8577236065719873,996,0
2022-08-22,0.04664261278576305,2.921761009940441,1078,0
2022-05-03,0.028589882099245057,2.540137467634736,1098,0
2022-07-30,0.002182364954865096,2.8468230909391177,1080,0
2022-07-15,0.019303937624549117,2.7982132976907206,1066,0
2022-03-19,0.02476643248082118,2.4222117668073455,1028,0
2022-10-30,0.01659973519656819,2.4602187612989113,1012,0
2022-02-21,0.026297554340378074,2.6741568446845454,1084,0
2022-03-15,0.020498930987318222,2.79286879585664,939,0
2022-02-08,0.023474530049236598,2.9815221783445303,986,0
2022-11-16,0.034635229929344105,2.7899019915475636,984,0
2022-12-12,0.04296710920841333,2.628005638513593,981,0
2022-11-17,0.03593587126114915,2.855641085600618,1038,0
2022-01-19,0.03087297308013616,2.540862145861213,1075,0
2022-05-28,0.04987129614781077,2.848059820042756,1011,0
2022-02-20,0.038018484649713274,2.8223344975974225,925,0
2022-08-16,0.008318239336461258,2.579679648146439,907,0
2022-01-24,0.016218733339065112,2.433671536863004,991,0
2022-07-11,0.021534339392770004,2.546518459310381,1005,0
2022-10-17,0.03409001856763641,2.5080341316907866,944,0
2022-02-10,0.03047458934442684,2.629526579170124,1074,0
2022-05-04,0.024883362618397555,2.7498942783912317,959,0
2022-08-25,0.03189523155017843,2.6757422995060387,1070,0
2022-01-05,0.04494542658501605,2.6791519533151806,973,0
2022-12-13,0.02732990688010142,2.4443171401697237,988,0
2022-10-28,0.014957712456188611,2.977217443694065,1076,0
2022-05-09,0.022841790633389328,2.581273002322988,998,0
2022-09-05,0.0053326633711180465,2.6288185785945775,991,0
2022-10-22,0.014793619510789231,2.8195674477304404,905,0
2022-12-04,0.01979028704556837,2.404858779456894,1075,0
2022-01-26,0.04553084768593553,2.847103292480382,973,0
2022-04-28,0.0303532499082133,2.61139257350119,1062,0
2022-04-08,0.031044558156515207,2.8066586751740155,1084,0
2022-12-04,0.03404275470910114,2.482067543096459,924,0
2022-11-18,0.03231703044452614,2.5853597303715814,1012,0
2022-01-18,0.028978690268420138,2.839415860763543,923,0
2022-06-01,0.01633595628570052,2.6493018560512662,951,0
2022-03-09,0.039325640551525265,2.9258763580239844,993,0
2022-09-29,0.025089738113242006,2.563516410427418,942,0
2022-05-12,0.04570244767691561,2.966512689658319,975,0
2022-06-23,0.040211626930225536,2.6809988333116173,919,0
2022-03-14,0.037707574653066775,2.535368817419442,1073,0
2022-12-12,0.048997112139095175,2.9803618483800194,1042,0
2022-07-07,0.004515143778429165,2.636744736197227,967,0
2022-10-02,0.006179436838174618,2.6211513951696235,1091,0
2022-12-11,0.013108070412486822,2.628615299563485,1063,0
2022-07-10,0.0054173051099615345,2.54029314132695,906,0
2022-11-14,0.04421174226074261,2.736844429349927,1056,0
2022-04-24,0.03238261903197208,2.781242353426763,1018,0
2022-12-25,0.015109508726462512,2.6449775134772477,935,0
2022-01-24,0.04731307664409731,2.582618750613603,1026,0
2022-03-01,0.00485959993109108,2.9323555851171013,934,0
2022-07-18,0.022682187844444632,2.8022917313101026,1090,0
2022-12-23,0.04729870428897161,2.6514760520488334,1090,0
2022-03-21,0.04427068919497897,2.7929531384960784,1025,0
2022-11-12,0.020405794284885027,2.9709129152286358,908,0
2022-12-20,0.01852649793672177,2.666029851636421,960,0
2022-07-05,0.0049677312303065164,2.811408159288771,1039,0
2022-11-27,0.0179336920606159,2.6388837856466236,948,0
2022-03-04,0.04745053941310688,2.8945146491589426,923,0
2022-12-06,0.01060529077116566,2.7836957511178224,905,0
2022-01-26,0.03933972952273084,2.546141338298414,932,0
2022-10-17,0.010260278757143821,2.8978907023302796,1041,0
2022-04-17,0.029319154179078096,2.8878317886726355,959,0
2022-06-18,0.038718428890241005,2.8731862525665655,1052,0
2022-01-02,0.013863742298784149,2.9904168791086434,933,0
2022-10-04,0.012532709836406192,2.504698272540836,1069,0
2022-01-14,0.006590161478094875,2.6149453675299195,960,0
2022-10-29,0.016188573098101122,2.504547720843706,913,0
2022-03-06,0.03708590284770748,2.7156513159587203,1090,0
2022-02-02,0.023812298271162515,2.8668102235885216,1031,0
2022-10-31,0.005452700500192276,2.7023032138714926,1057,0
2022-01-23,0.03636214985818676,2.945251012743924,1068,0
2022-09-24,0.015081516451404438,2.7860044105232933,907,0
2022-02-01,0.04992933775446635,2.9083791259003458,1009,0
2022-12-18,0.0053980914839613595,2.827440788938258,1013,0
2022-02-07,0.04496333825617674,2.5932670918477956,937,0
2022-02-03,0.0063095794152528036,2.7745904965687247,1049,0
2022-10-08,0.035607639821315346,2.6285426392911124,1052,0
2022-09-29,0.014744887297494493,2.703330644691408,1010,0
2022-02-20,0.03965480465508231,2.4686484434580476,1067,0
2022-11-30,0.043885310653210705,2.7308011370338794,955,0
2022-08-09,0.022577745798264076,2.5370961446187508,986,0
2022-08-21,0.019936509212847665,2.8377675045807025,980,0
2022-08-07,0.01562617855709339,2.5529338778896675,939,0
2022-12-18,0.04614925178671922,2.4402799848819887,921,0
2022-02-17,0.021593825927587015,2.8467533815151276,995,0
2022-03-08,0.027818536780767508,2.7518790496436862,1043,0
2022-10-15,0.016482299070810252,2.4733387712127355,990,0
2022-12-07,0.04705649344261149,2.65376211345833,1084,0
2022-01-27,0.04841993126557373,2.760246054734806,990,0
2022-02-23,0.028895925919492745,2.5276432834032034,1068,0
2022-09-04,0.01121224345537828,2.46493102915636,1042,0
2022-07-08,0.005744265676515409,2.5671409274969994,957,0
2022-08-08,0.042257758066417905,2.984727961275425,1059,0
2022-11-11,0.03374883556466518,2.734043853102269,1055,0
2022-12-03,0.04147303949798315,2.5604686350924664,946,0
2022-05-20,0.03513493864328023,2.585390813297946,986,0
2022-06-29,0.0003052894701829345,2.9219176239218627,1044,0
2022-12-03,0.02003921719997578,2.485124792490761,1062,0
2022-01-16,0.004587884152722266,2.7182896131953576,996,0
2022-08-03,0.022682289533650868,2.494445565507053,979,0
2022-06-16,0.03884178099833705,2.740556133968638,921,0
2022-01-27,0.007778995170224418,2.852661527474991,912,0
2022-12-12,0.004079076376595658,2.6658677845981957,1008,0
2022-09-06,0.030353800372050772,2.6485102427296345,955,0
2022-09-20,0.005690875405510088,2.6579481800387343,972,0
2022-12-14,0.033924312738006654,2.6919796520185506,1070,0
2022-06-07,0.0022708681302213763,2.6371580376525774,1053,0
2022-01-29,0.00038435429499414364,2.580851617211062,954,0
2022-03-12,0.03820804478806239,2.5736682787304623,930,0
2022-01-04,0.024869266430666344,2.6583930068121617,933,0
2022-07-14,0.02662911739337119,2.538066429645996,1043,0
2022-12-09,0.0403100093283382,2.4432452979552948,1089,0
2022-01-22,0.021810979775615608,2.675852550213765,919,0
2022-06-10,0.028787958036841556,2.7440398085315056,1081,0
2022-11-24,0.02088469799217403,2.469104023598279,905,0
2022-06-16,0.00859365902890345,2.9685685855960484,1017,0
2022-12-20,0.045988487587069235,2.452877928778731,927,0
2022-05-05,0.021783826347020002,2.640269889789652,920,0
2022-07-22,0.04352622080977059,2.8474828958787617,956,0
2022-06-20,0.03895589343016323,2.445827626483813,1062,0
2022-02-28,0.026530241038632413,2.51634222376014,1098,0
2022-06-28,0.017554986747868023,2.9749340093982903,1065,0
2022-03-17,0.011813442447336215,2.4878665309666164,950,0
2022-03-30,0.030119949263658293,2.8561291773281354,1067,0
2022-02-08,0.008857306447361457,2.863708853548536,1026,0
2022-08-26,0.03772229126234929,2.855926289764649,1014,0
2022-12-15,0.04620771291928297,2.7386950700416794,1062,0
2022-11-16,0.016160412082168035,2.982583838524896,980,0
2022-03-19,0.021988140817093202,2.681352650115824,1061,0
2022-06-05,0.03981648395757141,2.7548518540986127,990,0
2022-09-17,0.0037095328086643843,2.6770454918678723,909,0
2022-01-30,0.01843687997449064,2.5722462195607916,1065,0
2022-02-16,0.03075041942077868,2.704240690400373,1018,0
2022-10-25,0.0277158185669152,2.875090678359215,910,0
2022-08-19,0.04545249782868323,2.74299401187228,948,0
2022-06-14,0.030250291703503213,2.7008203811236964,915,0
2022-08-19,0.005175093863519581,2.939476100373464,987,0
2023-01-01,0.004216456601228192,2.7876762546862315,910,0
2022-05-07,0.03538108521616395,2.9945916135881325,1034,0
2022-09-25,0.030490270316133723,2.6183387758114276,972,0
2022-07-18,0.020438469862366016,2.603020288104852,1053,0
2022-01-27,0.03946134657818324,2.788383214181584,916,0
2022-06-18,0.004725297375754717,2.8070276069040485,972,0
2022-05-10,0.03618668275012309,2.793938451846287,1054,0
2022-03-18,0.01666810180302783,2.7496437087518517,936,0
2022-06-29,0.015511586877590605,2.793632830821633,1069,0
2022-07-20,0.0064475829135780096,2.825300408622632,921,0
2022-06-08,0.027946103504553177,2.7860959580167917,984,0
2022-03-07,0.033505819999736126,2.8973753837366787,1089,0
2022-12-17,0.045622399272916225,2.456071779039613,1071,0
2022-08-05,0.025424424321140383,2.4109383226749195,979,0
2022-04-03,0.04755846567980672,2.605039407078929,1096,0
2022-09-06,0.009600261683219313,2.999985972661817,939,0
2022-02-09,0.01478960508273109,2.8728721042028402,1029,0
2022-10-04,0.041755991331727804,2.930209299295537,909,0
2022-12-05,0.016838218598214078,2.859784562668345,933,0
2022-11-02,0.018835993541126236,2.49734832725307,1077,0
2022-11-16,0.04045218598196506,2.4993234994464353,1012,0
2022-01-23,0.020542930574826673,2.8058177533131197,960,0
2022-08-16,0.03052977110629079,2.8514346990668917,1100,0
2022-08-18,0.011700147216771224,2.5435010983473116,1100,0
2022-08-29,0.04519871690687291,2.5164097057335417,1073,0
2022-10-20,0.04922198967657887,2.6770079870645933,972,0
2022-07-15,0.02514533457437895,2.6511964960378473,941,0
2022-04-13,0.04006296120757738,2.483039120762059,964,0
2022-01-27,0.03205895181022236,2.924470167031342,1041,0
2022-02-22,0.03557004885595004,2.709545632531491,931,0
2022-05-26,0.004193756268589505,2.496187400547227,1015,0
2022-09-20,0.007367432799580215,2.6624835361169885,956,0
2022-08-19,0.04423148868590038,2.958283156275765,1006,0
2022-01-28,0.019822698273512393,2.624376892607412,998,0
2022-02-11,0.01874563367088838,2.41691252731689,925,0
2023-01-01,0.032498034214709086,2.8748283824893055,935,0
2022-01-20,0.014343969865663409,2.8978569498916933,1078,0
2022-03-13,0.03794205773828036,2.681466076293296,1057,0
2022-01-03,0.04529287445516354,2.411402330946582,955,0
2022-03-18,0.027440212272191775,2.836340871194959,1035,0
2022-08-05,0.005559343016211921,2.572860946823538,977,0
2022-03-04,0.002387472330942564,2.651895326252066,1059,0
2022-08-23,0.0031403575505531914,2.902012632363201,1027,0
2022-11-02,0.026802689215703064,2.7791729652078856,1047,0
2022-05-04,0.035927216389617635,2.574763192665155,900,0
2022-11-11,0.01764080198130169,2.7423982296134573,947,0
2022-12-07,0.03341074514598174,2.714090734606927,992,0
2022-02-04,0.04767018389927575,2.72644917595682,1029,0
2022-10-11,0.0010167153144082896,2.923998863116511,911,0
2022-11-22,0.019344066076367877,2.6239814322604995,1091,0
2022-01-09,0.017854693825736647,2.440535734645139,961,0
2022-12-03,0.031412848123782824,2.8629008244659153,1088,0
2022-06-20,0.006670479492968201,2.611379427668514,986,0
2022-11-26,0.008754456352585422,2.8674855560869688,1018,0
2022-12-23,0.023926558580896203,2.509366799048324,934,0
2022-02-02,0.03580225287980973,2.9661630904272775,909,0
2022-05-31,0.010079549641835045,2.8746655279374265,910,0
2022-06-11,0.04666854899751987,2.7092301535526992,1039,0
2022-08-31,0.01266568826013087,2.851974551291319,948,0
2022-05-27,0.01784870880176817,2.868504940187055,1067,0
2022-06-19,0.013660830305693672,2.8796054469109436,1011,0
2022-07-24,0.03716538527598106,2.936782496973032,998,0
2022-06-23,0.04868617921576546,2.6977219359222135,1027,0
2022-07-08,0.04621552333134818,2.711565512120965,921,0
2022-08-06,0.0039463503027733935,2.761471979298136,946,0
2022-10-07,0.014688320950124945,2.4615587446692686,983,0
2022-12-05,0.014781997467017118,2.6675494578597916,1083,0
2022-08-07,0.008332238603295683,2.6663450286606563,1014,0
2022-01-22,0.03634071978555514,2.9469643385077684,1057,0
2022-08-11,0.01372776800374288,2.9880163675165674,914,0
2022-02-08,0.033559194444683395,2.6437261389045914,1031,0
2022-12-14,0.007999336329396589,2.418684371454028,1055,0
2022-12-14,0.03906559848717333,2.4208793794791252,917,0
2022-05-01,0.038925768675343274,2.619797083864289,998,0
2022-10-18,0.0016192661989833492,2.4920628980356248,1015,0
2022-07-09,0.018600668923534187,2.857850683079148,1046,0
2022-03-12,0.026472994076814485,2.6388204275714697,1066,0
2022-05-23,0.012480582654669899,2.4680691675510107,1088,0
2022-04-06,0.02495219801282334,2.632192428023558,1043,0
2022-03-02,0.013088833829374792,2.556173862683942,1014,0
2022-04-20,0.04981825560773804,2.5713461266188946,1025,0
2022-04-13,0.006131871095198544,2.9116957742305933,1015,0
2022-03-30,0.04493395153931152,2.667066715645473,922,0
2022-12-16,0.04837806181815312,2.991944795785492,1070,0
2022-06-27,0.03547702434097941,2.7299982884921343,974,0
2022-06-03,0.0425681025376563,2.8270854624043276,1079,0
2022-11-23,0.008704550487435004,2.6168953098748133,957,0
2022-03-04,0.049256627336509665,2.8752394041666847,960,0
2022-09-10,0.0013142013404132847,2.732412862355757,994,0
2022-08-28,0.04018308631442932,2.7309881603558566,1056,0
2022-02-14,0.003287405263368304,2.638895988462545,1083,0
2022-09-03,0.02628478274151501,2.861498730224819,1047,0
2022-02-07,0.006266339112959702,2.590216602276289,918,0
2022-08-19,0.023291659981052943,2.710416007091916,932,0
2022-10-10,0.031989696468333155,2.5091778819312824,933,0
2022-08-10,0.025143189322468736,2.920926976451633,931,0
2022-09-23,0.007650773340510031,2.4987942479340743,982,0
2022-12-30,0.011273514235773337,2.9684898820857883,1032,0
2022-05-26,0.042296685307793284,2.5503631853891995,1062,0
2022-10-10,0.013722551660675665,2.7750134168691543,1057,0
2022-10-01,0.004671420344178801,2.784592456379395,1051,0
2022-10-25,0.0077097133439781584,2.7952397240302527,1084,0
2022-11-06,0.01688097933029011,2.954357835189781,910,0
2022-01-15,0.004061142744668495,2.969128112382235,1097,0
2022-10-23,0.013232795391652724,2.526485027821179,1046,0
2022-08-02,0.030905421316247877,2.4181715391488585,1060,0
2022-10-07,0.01448358284008029,2.973990101972643,1023,0
2022-05-06,0.04023440771078665,2.810994504717406,976,0
2022-08-21,0.0036486512752672896,2.435947819760801,1012,0
2022-08-01,0.024212556505367962,2.522413808138039,1055,0
2022-03-15,0.01562912496234665,2.8310177310674627,1087,0
2022-06-26,0.048768706395744016,2.4784596909314316,994,0
2022-09-21,0.02808256078741846,2.591469531841894,1019,0
2022-03-04,0.013373583722709121,2.5487513295153272,924,0
2022-01-26,0.014510600248495077,2.6304899001009634,1057,0
2022-08-03,0.012413514019059331,2.9191845010324307,940,0
2022-06-17,0.04668757676247024,2.832677057293273,948,0
2022-03-23,0.024913277102995443,2.708834903538891,1027,0
2022-06-07,0.024868513652375454,2.4540294570262704,1000,0
2022-09-16,0.022861532109486545,2.544437184401502,1049,0
2022-06-30,0.0024329066464827964,2.568813803024117,1052,0
2022-12-01,0.03362603018827247,2.5714490288646106,902,0
2022-02-25,0.021546388467377026,2.9294734385511556,1086,0
2022-07-07,0.03819283820809948,2.619562411510538,1002,0
2022-01-27,0.028514082194051465,2.5167931811326314,1041,0
2022-05-28,0.0036765874871420912,2.7025533174739227,1095,0
2022-10-09,0.013986033881199102,2.9934544203724336,1074,0
2022-11-09,0.005940550986179478,2.9850496892482705,1000,0
2022-07-11,0.03974486141904729,2.603451179971539,993,0
2022-03-15,0.009952894077622499,2.7054735097351092,1028,0
2022-01-21,0.0022651676233537365,2.4822218241405123,985,0
2022-08-31,0.025966635516654166,2.4893643987458667,1031,0
2022-03-13,0.016398292381826312,2.7678408726388066,941,0
2022-07-21,0.04953078687805701,2.8435916163441624,976,0
2022-10-31,0.016818672607583917,2.8969736315744257,1036,0
2022-09-08,0.035436990321771895,2.579874338842448,904,0
2022-07-08,0.016561979678946133,2.4657627536947935,1006,0
2022-10-26,0.015383891685588215,2.9392602625131197,1076,0
2022-11-19,0.0013323577481916594,2.6847541284510363,1067,0
2022-10-24,0.028881719793209144,2.8328400673777843,1049,0
2022-09-03,0.008525603087332967,2.777415144687218,1058,0
2022-07-14,0.0073887854150165915,2.8084361370304074,908,0
2022-10-21,0.04741025853921507,2.465937312800218,904,0
2022-08-14,0.01568462417229276,2.4908587548716072,1076,0
2022-04-15,0.020518870466135253,2.8649833810842544,1020,0
2022-02-01,0.03528876160758826,2.7112099269360677,1043,0
2022-06-16,0.04990614342027411,2.6870225900060407,996,0
2022-06-10,0.04783427460982741,2.675798119211752,1036,0
2022-06-25,0.027313660962241512,2.8055211459338207,1084,0
2022-12-15,0.03216545499997308,2.8159879860178925,1056,0
2022-09-05,0.009613208456835672,2.547911481316416,1042,0
2022-06-02,0.011243351899640836,2.9837463765543415,976,0
2022-05-28,0.03524504684182919,2.814143946938164,1025,0
2022-06-12,0.02399017116010307,2.736292554141732,1084,0
2022-05-21,0.014389468774897642,2.744086082324187,1039,0
2022-07-14,0.04478802307701131,2.636719473384518,988,0
2022-03-16,0.014522632599646779,2.572578204968484,1082,0
2022-02-10,0.017318175704780826,2.6654256671189014,965,0
2022-09-03,0.010699340403850378,2.8967710221048204,969,0
2022-10-15,0.034808565032341136,2.4823637728805537,1057,0
2022-10-28,0.011964103297314805,2.430459257974478,1035,0
2022-04-26,0.03189722867043188,2.4314946641036776,1005,0
2022-06-19,0.03586790281251218,2.4603269428664087,1097,0
2022-03-12,0.00025907232035650153,2.7302115394677697,940,0
2022-07-28,0.03264463988506499,2.928388474338053,1021,0
2022-09-02,0.03252693459371327,2.8535466356452437,973,0
2022-06-14,0.014270767065099594,2.4354975517448945,1096,0
2022-02-15,0.03261493652095398,2.53933211953261,1089,0
2022-01-20,0.045661486283492626,2.505038865288578,945,0
2022-01-19,0.0498585901544255,2.63819674456698,1026,0
2022-04-06,0.04683043723888814,2.9772788280500055,974,0
2022-01-20,0.0004633584240049893,2.7407771211986973,927,0
2022-06-21,0.014228082617502314,2.993459682053234,1039,0
2022-09-26,0.024695621017090958,2.9631363010445235,1029,0
2022-08-28,0.013641854074899623,2.885288326945812,984,0
2022-03-25,0.03655596169043871,2.788971203225545,1083,0
2022-04-06,0.0007042097809232373,2.60226730759785,975,0
2022-10-18,0.03372005699473722,2.515896772632725,1056,0
2022-11-24,0.04485213808919876,2.8961938951657857,1031,0
2022-06-17,0.0043368884924177955,2.8015535120459725,947,0
2022-03-13,0.02387270492449465,2.961495232200833,901,0
2022-05-14,0.01917871953380154,2.6680413130838723,968,0
2022-06-18,0.015097291984580735,2.8337295170405983,902,0
2022-05-14,0.032684168353509936,2.815661154253643,915,0
2022-12-08,0.005911242390198629,2.5840838052021717,1003,0
2022-12-18,0.02512602356191948,2.9370710218897527,1080,0
2022-06-09,0.03451451887094071,2.78322679511963,975,0
2022-07-08,0.03073127240719245,2.5314771605612063,934,0
2022-09-02,0.007659278234458961,2.848640902290514,1055,0
2022-07-11,0.020792280771561235,2.729540705291019,1020,0
2022-10-03,0.04009974958900155,2.8953621054518743,1095,0
2022-05-07,0.0340170959959699,2.7574886793187336,920,0
2022-09-27,0.022337398874824166,2.8222596750935236,919,0
2022-10-16,0.005610439576863514,2.897264432375055,1029,0
2022-04-14,0.028635083711393235,2.4899114288294486,983,0
2022-09-24,0.022092027632981542,2.8081771427634425,1083,0
2022-10-26,0.024441398341559485,2.939333611028084,1014,0
2022-01-29,0.0226716150089891,2.707948705920985,1016,0
2022-10-16,0.0028868390466262384,2.677426983443354,978,0
2022-01-12,0.019797435497662875,2.8898719355598783,1090,0
2022-04-22,0.028915563252951772,2.4271738816366972,988,0
2022-12-25,0.0031879956056041605,2.996474196286152,917,0
2022-08-30,0.001586743551153952,2.645320161491549,1096,0
2022-03-11,0.03829138414618559,2.986999970954461,1065,0
2022-08-04,0.018723046031913382,2.934800163131116,1014,0
2022-07-13,0.01878227669009938,2.809638212460925,1069,0
2022-10-04,0.006649490316783669,2.916171948676273,930,0
2022-04-02,0.04964233880387935,2.6358351790704244,932,0
2022-04-25,0.04174108058343578,2.853707648915359,976,0
2022-08-26,0.03367499288882835,2.7266672034150123,1036,0
2022-07-14,0.04116802186878922,2.5485072231022654,988,0
2022-03-21,0.013782486389756366,2.96244621668104,1085,0
2022-02-27,0.0016108657454990518,2.796118611481371,1057,0
2022-01-09,0.012033314707160597,2.4403745417336973,1052,0
2022-01-18,0.022322053312430118,2.803214182123331,912,0
2022-05-06,0.03702705392399308,2.6413592104865438,959,0
2022-10-04,0.010863460508877671,2.9182381456020337,914,0
2022-03-13,0.025194792447046727,2.5735580708123513,1087,0
2022-10-22,0.015945184818459603,2.7587506045663575,1072,0
2022-06-14,0.011845201738836032,2.9257549933042846,1069,0
2022-09-24,0.01105213702230163,2.5803005722544516,915,0
2022-10-13,0.047426012751336066,2.92782833457833,944,0
2022-11-17,0.03393750616431258,2.7335103995902275,912,0
2022-06-26,0.04707932049159559,2.8028055148474333,1034,0
2022-06-13,0.03481542036545449,2.644955506097753,976,0
2022-07-12,0.009193948937362468,2.7227569586344904,961,0
2022-04-26,0.01503682093975739,2.824546078492783,1018,0
2022-01-30,0.028119297479345457,2.980671713127976,1042,0
2022-09-29,0.006704637552953902,2.5457151096537514,952,0
2022-06-19,0.032335292577397236,2.9533356627067335,994,0
2022-02-17,0.026781776817360783,2.8976437711290193,913,0
2022-05-18,0.018858398748066992,2.7629816678297017,910,0
2022-02-07,0.009408164696637767,2.857017850522326,1085,0
2022-12-10,0.027942523813626365,2.687636523882549,985,0
2022-06-05,0.04785098802633366,2.4092002237370957,948,0
2022-03-02,0.03734396137281209,2.8525984457683005,962,0
2022-12-23,0.03022007670393906,2.522707885786736,961,0
2022-10-10,0.016080750441370112,2.569835518512108,1019,0
2022-10-01,0.03243606699975563,2.585053370572157,992,0
2022-09-20,0.04414059761810202,2.67960244014237,1084,0
2022-08-29,0.038081448465485564,2.5921399708732835,952,0
2022-07-09,0.01564610094350955,2.4274292687886567,956,0
2022-03-16,0.0008109950500630237,2.7319869381253046,1049,0
2022-10-24,0.03600059688746112,2.5771153725046427,950,0
2022-06-18,0.011500931300163181,2.741873707622421,962,0
2022-09-13,0.02753212662585376,2.966078727028578,986,0
2022-05-12,0.038168031283315994,2.693172660320289,1085,0
2022-11-25,0.03697970453299417,2.676497399068923,1087,0
2022-06-30,0.008463285543009087,2.8321881184572564,1025,0
2022-04-05,0.04584496948471834,2.725282113210813,1064,0
2022-01-31,0.026197220770203974,2.903441096156973,919,0
2022-12-09,0.002425719709820612,2.403830294664467,935,0
2022-11-19,0.011571669603872277,2.8243017382220756,902,0
2022-04-22,0.025286645984653258,2.623920415612087,1058,0
2022-11-23,0.03333773647766699,2.7699116166506026,1023,0
2022-12-04,0.024392719200153564,2.403967414195295,1041,0
2022-07-30,0.0005925484063946219,2.7176505881049904,970,0
2022-10-02,0.048873967411625585,2.410285558561456,1078,0
2022-12-12,0.021528660433801895,2.9638271476765277,945,0
2022-02-24,0.04590244222295056,2.71463124073549,961,0
2022-04-09,0.030989042120596763,2.551450917788808,990,0
2022-05-17,0.03974681660417334,2.447411546288661,1003,0
2022-08-24,0.028250109122398455,2.9941398189838364,957,0
2022-06-03,0.03420208127351928,2.9087202612189214,1067,0
2022-11-29,0.037979292508842244,2.4561003032562656,997,0
2022-07-13,0.027635071976484765,2.433668963477379,902,0
2022-12-26,0.008569178761052383,2.6999150358676753,1011,0
2022-11-27,0.03921881553950556,2.739513976770621,924,0
2022-09-28,0.0459576107720106,2.53785989826061,1077,0
2022-10-18,0.023775014382263666,2.4279371824450457,919,0
2022-12-17,0.046279240504046165,2.9395869905190053,1044,0
2022-12-03,0.0016450890076735948,2.9572598167527957,980,0
2022-01-09,0.04807345949380029,2.752221662450693,1092,0
2022-12-31,0.04104511938925684,2.957324964151997,976,0
2022-03-25,0.02819790998118825,2.740017551934647,999,0
2022-12-13,0.044826288350135995,2.5990379037730973,1093,0
2022-03-13,0.039524904261707496,2.813586324710385,920,0
2022-09-14,0.037272828062744186,2.607515698911383,925,0
2022-08-12,0.01160720021973351,2.445610947939423,1054,0
2022-11-11,0.04774291984573329,2.6380218295853757,1098,0
2022-06-17,0.0014812829472582558,2.5639962171772783,1015,0
2022-09-09,0.011406919492710827,2.7318226349702903,996,0
2022-08-10,0.00928689229477005,2.751525072726631,997,0
2022-02-13,0.038608370206734494,2.577227688423046,963,0
2023-01-01,0.0036753341861210766,2.5607832185367685,997,0
2022-12-31,0.039194514093511136,2.492566134361872,999,0
2022-06-12,0.018035011405703023,2.4549122572177433,978,0
2022-08-16,0.01799587486734483,2.561859865943632,933,0
2022-02-14,0.00936958917639386,2.669306206212871,1042,0
2022-09-20,0.020402208754156877,2.4157571424079785,990,0
2022-10-11,0.004653213022993707,2.7588262786765636,983,0
2022-07-17,0.0006170307441977219,2.6482860418608762,1099,0
2022-02-13,0.03624219220173957,2.7357219274574858,962,0
2022-10-20,0.026055226538174943,2.811189595076734,943,0
2022-03-13,0.013445948176507377,2.5610440782895263,937,0
2022-02-02,0.008360370037956633,2.565577122961442,976,0
2022-09-05,0.03913333120827428,2.616674947373717,963,0
2022-11-17,0.024790121836143132,2.7700012752214738,1017,0
2022-02-24,0.006774476284033804,2.404060421655283,1001,0
2022-06-20,0.042080669336092544,2.627933973688229,984,0
2022-08-14,0.01673681118734785,2.889285282001802,1066,0
2022-11-01,0.00680622357891324,2.5923990932250525,1077,0
2022-04-13,0.023950487119772764,2.5065823627914843,1001,0
2022-06-13,0.01457240757900266,2.816974660603266,1025,0
2022-10-22,0.039098718480178825,2.5955317424657434,971,0
2022-07-21,0.018250776869761877,2.9592402915530673,951,0
2022-10-31,0.04986324628652226,2.50795632756522,1096,0
2022-10-09,0.001345805433766767,2.836328018285135,1081,0
2022-04-18,0.02192274771544543,2.574798724791177,1077,0
2022-02-05,0.04094827840022293,2.877394101597573,1004,0
2022-12-11,0.024965160764448015,2.7800016237921983,961,0
2022-05-10,0.032933148426615905,2.8291418347796555,996,0
2022-02-07,0.022453336041681694,2.7587603128518223,1049,0
2022-07-25,0.026718370060105856,2.954097452403868,1077,0
2022-08-03,0.027182260169373886,2.8744325502295553,992,0
2022-12-26,0.04477507576804496,2.7221435916147527,1063,0
2022-02-13,0.005468471262214347,2.548938581306942,1070,0
2022-07-01,0.008316924664005576,2.7676067413879784,1044,0
2022-11-27,0.03387359479320928,2.639770647735049,1092,0
2022-06-19,0.048285838885691414,2.6582733263341094,902,0
2022-02-20,0.012936918520182772,2.7064057443150267,1032,0
2022-10-13,0.029025914776200208,2.7451412389622556,1014,0
2022-07-11,0.019556708433875143,2.8634053394774592,1050,0
2022-12-20,0.02502328908098673,2.606980432559711,906,0
2022-09-05,0.005227467900303085,2.6495852571154277,921,0
2022-03-01,0.041565887235356924,2.8380904338136697,989,0
2022-06-09,0.017153334042181306,2.870561998517218,1033,0
2022-09-05,0.017415014831782327,2.458573818675425,1084,0
2022-12-23,0.022622359662841807,2.4403046040248753,911,0
2022-12-30,0.0057542633349392976,2.9095080048281456,1065,0
2022-02-25,0.033856966644544205,2.498612455710422,1089,0
2022-05-05,0.02579969509484367,2.731146173895012,984,0
2022-10-14,0.021318469181084116,2.6772324944966535,1003,0
2022-11-19,0.009222588757569683,2.784287325996047,1010,0
2022-07-22,0.001459613717119529,2.768464162423152,950,0
2022-08-19,0.029610157918018416,2.6333014682134244,1080,0
2022-04-20,0.010289223968366096,2.851395297216295,916,0
2022-10-23,0.00508760243635712,2.923187598005931,947,0
2022-07-07,0.016299245579940926,2.674530253323711,967,0
2022-12-10,0.04313182737286537,2.7166290117766696,1063,0
2022-06-10,0.029848541464149676,2.7667850526834012,1050,0
2022-02-28,0.01739623187183772,2.907310681601736,1058,0
2022-03-30,0.0406869127130467,2.823593016567588,976,0
2022-11-11,0.029508418248873937,2.8032660490301895,980,0
2022-03-02,0.01192863632193953,2.470169342382451,995,0
2022-12-22,0.0070679271634015665,2.6330779615859945,1052,0
2022-03-12,0.028740302243720723,2.653823269243927,1024,0
2022-11-22,0.02686896349990104,2.9514965980288093,944,0
2022-10-12,0.008343276191369453,2.573300864429607,947,0
2022-06-11,0.0420992607068274,2.771645987273505,991,0
2022-01-05,0.024230445972284194,2.517077094980549,998,0
2022-10-15,0.02527190098653352,2.696981908719842,1075,0
2022-09-09,0.020781521763705596,2.903935081260734,1025,0
2022-03-27,0.004133531289323345,2.4185164233858027,1094,0
2022-04-23,0.014604495477935332,2.56491175096412,1037,0
2022-05-28,0.008410448871828685,2.6743928323640693,1090,0
2022-09-11,0.027486309226902567,2.467926597175214,929,0
2022-05-18,0.03875565139319978,2.89396968479854,993,0
2022-10-05,0.04113054638981307,2.4249663133621397,1084,0
2022-08-14,0.02731766373609823,2.99386543672601,926,0
2022-12-01,0.03756727473718361,2.5786253610617362,908,0
2022-08-19,0.013140761237061383,2.9173197752985143,922,0
2022-08-13,0.043264523518814775,2.4704316158993467,960,0
2022-04-18,0.040535135841970514,2.752754338186086,989,0
2022-12-30,0.030513090130973843,2.656900236752547,1057,0
2022-03-13,0.03924246549852925,2.8881179192972604,915,0
2022-10-19,0.017540773947641548,2.5686510112741185,1037,0
2022-03-28,0.016182680792734085,2.822432257053113,974,0
2022-10-21,0.013367153313904007,2.9148101069677548,1073,0
2022-02-18,0.006779445321400457,2.8500564818934695,1005,0
2022-01-31,0.04962431128223372,2.920228554260267,932,0
2022-12-26,0.043303939749557846,2.549806345162884,1082,0
2022-06-14,0.04142409013493163,2.8568841524879143,1073,0
2022-07-21,0.02447293629578189,2.746455317582497,968,0
2022-11-18,0.020711254468251884,2.6711950335302186,1062,0
2022-02-17,0.02014253866509105,2.849881429723914,1077,0
2022-07-08,0.022734782453721042,2.692826688262623,1048,0
2022-01-02,0.043445388143560026,2.9083003956052247,923,0
2022-08-23,0.03174202727680796,2.8183733866731346,916,0
2022-10-01,0.01988579340943319,2.980877148045494,954,0
2022-09-11,0.013426841915721128,2.8970061702292846,986,0
2022-10-08,0.028896682013047577,2.739685266550284,1024,0
2022-06-25,0.0447077329019278,2.8573524134535013,911,0
2022-02-20,0.0313089761077947,2.902021307317533,904,0
2022-03-05,0.04647164376737609,2.494790108984497,1016,0
2022-01-01,0.04959191194103352,2.656679580520026,1076,0
2022-03-09,0.044107388202099945,2.5811193026258534,970,0
2022-02-17,0.032729398220939704,2.550233567129465,995,0
2022-12-07,0.045190013441782896,2.4993150474956063,1001,0
2022-11-17,0.015275462242211536,2.819664822914744,959,0
2022-08-08,0.03277426141917675,2.8222188238584263,900,0
2022-04-20,0.023840335413045706,2.479619875223992,957,0
2022-09-23,0.033999136256078956,2.405572168565076,1078,0
2022-06-25,0.04085545134566493,2.9928929456785633,1008,0
2022-12-22,0.006608757554628042,2.442496983240307,998,0
2022-02-15,0.036538169088198555,2.461456302269704,980,0
2022-07-08,0.044049449749013536,2.482277576846127,1098,0
2022-03-10,0.0320788074258492,2.8062822467514263,917,0
2022-09-29,0.028164560723481603,2.7661915435642905,942,0
2022-08-14,0.017559385941338546,2.5278332708541154,1091,0
2022-03-19,0.045994706232737714,2.769645607560424,1013,0
2022-04-22,0.0043344016732994265,2.4602790674865833,1092,0
2022-03-05,0.029478695888075657,2.6304191456058725,1009,0
2022-06-11,0.03955383305990331,2.5486718249781473,1065,0
2022-02-13,0.012408351359291608,2.760599437058007,1084,0
2022-11-08,0.014246040500316637,2.964767547058207,906,0
2022-12-04,0.04379135940285375,2.5232674308914653,1055,0
2022-09-18,0.009432326163293286,2.635050609538892,1065,0
2022-01-28,0.03919007997882089,2.8762668190360285,961,0
2022-09-11,0.01929427873817968,2.5446490533631256,1063,0
2022-11-01,0.0035506000847691623,2.9332347168521444,903,0
2022-07-04,0.0466962200837108,2.479189728439621,1045,0
2022-08-04,0.018270623142404935,2.8097652294014557,1095,0
2022-08-30,0.047722649197044324,2.8622202295347683,904,0
2022-10-28,0.0033766284636383595,2.5573111662972403,910,0
2022-01-31,0.04743399984735623,2.63878501433109,973,0
2022-11-18,0.03563145380506253,2.8602660003994345,1008,0
2022-12-26,0.020113870532225,2.784322372987411,1037,0
2022-11-12,0.007634022190223533,2.4501582442666896,920,0
2022-09-19,0.046046242938636794,2.9845880306127373,939,0
2022-10-02,0.016337514814261905,2.751862297807459,1095,0
2022-11-29,0.03405278423546052,2.439669050172729,1078,0
2022-08-12,0.03649791887157707,2.9078808690844657,914,0
2022-05-06,0.004310639919574466,2.6606901531636113,1016,0
2022-11-10,0.03044162022137218,2.5855740383241157,1089,0
2022-12-03,0.03703290901170891,2.4716658041447324,1081,0
2022-03-12,0.035074980561193306,2.4982995785612445,988,0
2022-09-25,0.025861142122368175,2.8935041236315615,966,0
2022-03-27,0.01859347154458262,2.8498658304562747,968,0
2022-03-02,0.03857151452448124,2.417613750703682,1009,0
2022-05-20,0.026192710572433466,2.557769790495887,1047,0
2022-11-18,0.003853501564319267,2.6731186666076563,992,0
2022-01-29,0.024980500288069165,2.74013167694307,994,0
2022-03-22,0.012755804051953907,2.4617429490131215,1046,0
2022-12-12,0.036138918666293325,2.5370426538919504,1030,0
2022-01-02,0.002201895363140477,2.9177570969415667,962,0
2022-01-24,0.023588229478886908,2.6297876846204393,938,0
2022-04-02,0.04655800385785928,2.914491118648783,1041,0
2023-01-01,0.03703329140532884,2.651621582617679,982,0
2022-05-08,0.02081282992506577,2.832172752856918,969,0
2022-02-09,0.028576798130872907,2.4716405578048866,1072,0
2022-01-27,0.008967217513615284,2.882602811675254,911,0
2022-07-25,0.003446321888637255,2.6790565067501317,972,0
2022-06-09,0.016365046086305946,2.7318548371944407,902,0
2022-07-08,0.010033557672647792,2.7382840444945122,977,0
2022-11-15,0.012129199677678455,2.620964176617671,1026,0
2022-04-11,0.03662316683696333,2.7279355455658534,962,0
2022-03-19,0.00031889413759020324,2.646021665739612,959,0
2022-10-05,0.01732118488697031,2.9037444041377043,902,0
2022-06-21,7.310202677888733e-05,2.7943823101055987,1088,0
2022-06-07,0.005197450967577982,2.7178886934360076,960,0
2022-08-03,0.02460144384249488,2.435937045391914,936,0
2022-12-31,0.013991263543451815,2.426340159421896,959,0
2022-09-24,0.020652840175050088,2.937346764083916,1017,0
2022-02-13,0.029038531368813292,2.7032566583164654,1063,0
2022-07-21,0.0037415242164938745,2.740692436973525,1011,0
2022-12-06,0.048210913736637044,2.5420630408451377,966,0
2022-06-11,0.04630209758908183,2.6357716025444518,1088,0
2022-06-17,0.01590288596330503,2.5631735230994726,919,0
2022-04-14,0.006805592320835952,2.8620879720957935,927,0
2022-03-21,0.005282887505134559,2.669740048644193,980,0
2022-07-28,0.006036836853595279,2.6149724675624135,1097,0
2022-04-17,0.02259585384588976,2.678007957033848,930,0
2022-02-16,0.007880768853275811,2.811632905770309,1080,0
2022-12-23,0.03016512432706721,2.529012473684213,983,0
2022-03-17,0.004560645189567431,2.548931273676753,991,0
2022-07-22,0.025672983768936477,2.806310026193443,966,0
2022-03-31,0.0015541046679379779,2.6426353358683046,1015,0
2022-10-12,0.03740392236043546,2.5499115769329306,1018,0
2022-02-22,0.04019483767219251,2.4838758235638734,903,0
2022-02-01,0.0415186165947318,2.989540342490173,933,0
2022-04-12,0.04118367075941779,2.6233438462895986,1061,0
2022-11-27,0.00420197121140502,2.751671251321527,919,0
2022-01-12,0.0498580713065237,2.51865020201726,1065,0
2022-08-16,0.0404649332645504,2.455187183194211,984,0
2022-03-04,0.0021348159545215408,2.676596953201164,943,0
2022-10-21,0.021657818861933572,2.8346585082784235,1027,0
2022-01-16,0.01913647192836289,2.6559984110570274,990,0
2022-04-20,0.04541521079359617,2.564989061414545,1014,0
2022-03-18,0.0017324721865752957,2.7715059293075375,962,0
2022-11-28,0.014755258149985823,2.647195323777699,1040,0
2022-09-03,0.0030489534466421387,2.5678655924633826,935,0
2022-08-03,0.009972890333329333,2.930791509734979,1034,0
2022-05-08,0.031537719441237774,2.8813008496626766,904,0
2022-07-15,0.03909578834227125,2.615467265902539,1039,0
2022-09-06,0.017201705989493804,2.7393906690287286,982,0
2022-07-18,0.013521784238448693,2.4156377806613336,1052,0
2022-04-23,0.0014651730268317343,2.8864136194223384,971,0
2022-01-30,0.04043269417864506,2.683010631186212,991,0
2022-10-27,0.04998028734056731,2.9843879170401015,925,0
2022-05-07,0.03284322106881171,2.55991620063941,1088,0
2022-01-29,0.03820248618587555,2.968681486931793,1047,0
2022-07-18,0.017740231728257994,2.9035333513835457,944,0
2022-04-01,0.011827556637123045,2.590802620975123,1088,0
2022-12-24,0.0179391566343531,2.7549374969074423,1080,0
2022-12-25,0.017584107424154404,2.7405908192557384,936,0
2022-10-16,0.047418425302294516,2.9020181044400015,1026,0
2022-10-05,0.01545265360756098,2.6942618520764876,923,0
2022-01-29,0.011631167904161955,2.5312853650149463,1034,0
2022-09-02,3.417481919154031e-05,2.950737711552388,951,0
2022-03-08,0.017037952213338627,2.506475923592362,982,0
2022-01-31,0.0010956448121786145,2.751965505054726,936,0
2022-02-26,0.04232404437895673,2.91640167995493,918,0
2022-07-11,0.03522690048140407,2.7972837316793004,1050,0
2022-02-21,0.016828053557040226,2.593561922623746,940,0
2022-08-12,0.03959212624999359,2.976397260221243,1066,0
2022-06-12,0.008710133547776533,2.9812457377999007,1077,0
2022-11-11,0.039349589629778844,2.5339423283883855,1050,0
2022-03-31,0.018919205407359908,2.840396984019123,975,0
2022-03-07,0.008885414424848165,2.4010787440037196,1079,0
2022-10-21,0.019580071363880097,2.9965698783285784,1045,0
2022-01-17,0.009104087800677368,2.590930147116057,1056,0
2022-04-24,0.0319823386391812,2.4624661398083916,1027,0
2022-03-14,0.01655842130830263,2.4466839830785805,988,0
2022-06-13,0.008394370837579207,2.9311921520370823,922,0
2022-12-29,0.03350122855570267,2.8375715682803997,985,0
2022-08-17,0.0005697810147749005,2.5258105706402993,1077,0
2022-02-04,0.0175240580948658,2.872212003654396,1084,0
2022-01-01,0.0024073728866640834,2.6629320847954654,1007,0
2022-03-27,0.044227599879361375,2.6958491960843087,996,0
2022-06-29,0.027301198383922715,2.460857135782273,1022,0
2022-10-23,0.03254847815567387,2.8122962425302687,941,0
2022-08-20,0.0036854694780687094,2.9074574904147363,975,0
2022-01-11,0.01593584539783288,2.970997278860472,918,0
2022-06-25,0.008505260157559535,2.6252747304479978,1087,0
2022-02-08,0.027352312930611574,2.9388745038719843,923,0
2022-06-23,0.029701527202604744,2.7681868354673362,1023,0
2022-12-27,0.0015496602026087492,2.9654653548611782,942,0
2022-11-07,0.044487663520202184,2.4942622663984704,925,0
2022-06-19,0.010277523835896857,2.513990554553031,1078,0
2022-10-11,0.03610190522878378,2.837984403402174,967,0
2022-12-05,0.014076153672263265,2.5425289709683474,912,0
2022-07-21,0.028588490392887078,2.9039127029073906,939,0
2022-01-28,0.018041446061363653,2.656563574467428,975,0
2022-12-05,0.03125454768546504,2.688197038470245,924,0
2022-01-14,0.010347649146181415,2.782914395444742,920,0
2022-08-31,0.042188453717346835,2.5850120400706373,1001,0
2022-08-30,0.024454840606032865,2.796624032847603,923,0
2022-11-25,0.027206301460984017,2.5109287323252283,997,0
2022-07-09,0.009329147057896581,2.4267701548187253,1012,0
2022-08-27,0.013170040483117951,2.9022472512806745,1044,0
2022-02-01,0.007556533721176956,2.817882570627936,924,0
2022-02-13,0.03340705869488097,2.884908094442408,1005,0
2022-10-29,0.011375637931228394,2.4365902476346366,999,0
2022-09-25,0.020931603746722528,2.7213086471873575,1021,0
2022-10-21,0.044082693470881146,2.685757368648881,920,0
2022-07-22,0.045138860066957706,2.828583419478216,1028,0
2022-10-20,0.04502275307357959,2.8802702020324116,1073,0
2022-11-14,0.007372382700548269,2.969552889870951,1014,0
2022-03-30,0.04745307415141463,2.500298872465632,954,0
2022-04-09,0.006309299931926988,2.65402493958936,1074,0
2022-08-11,0.010095963998611724,2.893538419726012,937,0
2022-11-01,0.012894317999388828,2.9464826914389564,917,0
2022-02-14,0.019404957650737537,2.6384129966142216,983,0
2022-05-22,0.025984408877103467,2.950297146469949,903,0
2022-12-25,0.03115289642944041,2.7135372062698853,1007,0
2022-02-27,0.020722119938448937,2.4889198447760665,1050,0
2022-10-26,0.03791886939288365,2.963789990992266,927,0
2022-10-16,0.03897723484821261,2.8714473781858065,1037,0
2022-06-26,0.043894678134802745,2.5584819781022228,1067,0
2022-09-06,0.028601161989928094,2.6838279695993617,944,0
2022-05-22,0.020148697921578834,2.770946693161079,1074,0
2022-12-22,0.020085994913720536,2.637475646538619,984,0
2022-12-20,0.011878964695815359,2.847449891903482,968,0
2022-07-10,0.0010116444296635941,2.8904315551831665,977,0
2022-06-09,0.014017332659232079,2.69497152801559,1078,0
2022-12-17,0.004910869513637062,2.9213400150595192,934,0
2022-06-03,0.048710971230165524,2.6658663679988575,982,0
2022-05-18,0.036439970663477754,2.7629874794731504,922,0
2022-04-07,0.02208582990295831,2.9480596832512442,1004,0
2022-09-06,0.03797466476131284,2.9203133823301353,914,0
2022-09-21,0.03957451960406171,2.4393701805671593,1081,0
2022-09-17,0.020169257050622186,2.868309857776591,1034,0
2022-10-19,0.0014474079660092842,2.5156580680989347,951,0
2022-01-30,0.012474513066213966,2.6738692002768483,992,0
2022-12-27,0.009955488619945009,2.6210111565448626,1018,0
2022-09-16,0.019847113875824884,2.9538441410237826,1074,0
2022-01-16,0.012096904729480579,2.693272043439941,1014,0
2022-04-01,0.04802601891401439,2.684749373436929,1041,0
2022-06-29,0.017212450192687512,2.9025922621540365,966,0
2022-12-19,0.004519596057038522,2.416470293938662,912,0
2022-03-25,0.04269106632927733,2.8678980810862074,954,0
2022-04-24,0.0323689945880741,2.8066171476545825,968,0
2022-11-30,0.020475359824777106,2.4120314144997144,1099,0
2022-12-16,0.0004448993035022886,2.946909262831423,1065,0
2022-03-30,0.03005709752472669,2.4050782362689227,964,0
2022-11-08,0.04025427845977432,2.583275819030734,1081,0
2022-11-26,0.013768927910851981,2.9372897850415502,989,0
2022-08-24,0.012599935463893803,2.6800188092983293,1073,0
2022-09-24,0.04121554107353318,2.638291523983272,926,0
2022-01-04,0.02557568587341509,2.7974132715157514,995,0
2022-10-15,0.03236710600322952,2.76543006278281,976,0
2022-12-17,0.005405226529292173,2.4383022323382657,970,0
2022-11-24,0.01625685351397529,2.5661309581748255,1067,0
2022-12-31,0.047609389905770794,2.7908798812275726,948,0
2022-03-18,0.025864679278982575,2.5441812466070965,914,0
2022-11-04,0.020204921312827737,2.591751442912619,935,0
2022-01-14,0.03277002852312208,2.9984814597469773,966,0
2022-08-03,0.020229944731397522,2.8420392574458675,1049,0
2022-12-29,0.049737686504439424,2.8896088206317208,987,0
2023-01-01,0.011118159698813447,2.720781060926528,1100,0
2022-09-01,0.04532632527525274,2.803121085577445,1029,0
2022-06-03,0.042270962212229764,2.90438321675784,1042,0
2022-04-03,0.01468920264303798,2.682468523657072,1089,0
2022-05-13,0.03625933185530598,2.7354189936649123,946,0
2022-12-15,0.04497955789254325,2.792660786610692,956,0
2022-07-01,0.011166396269280433,2.922859339298689,1007,0
2022-06-19,0.018584121488243056,2.751342417124142,1018,0
2022-03-02,0.02352682838353401,2.9198360218155237,1049,0
2022-10-25,0.047215049200003856,2.4427294424424453,949,0
2022-09-14,0.005990796859375292,2.808418658591818,1035,0
2022-06-02,0.02065536270069404,2.9225094878118028,938,0
2022-03-12,0.04961739264439664,2.6056019309574,1045,0
2022-08-23,0.007161207614981924,2.9174363660022697,946,0
2022-02-11,0.024379042287405374,2.7786196633576172,945,0
2022-06-10,0.03172494845763355,2.4028281008543964,970,0
2022-04-18,0.03805966406074996,2.5011634539497445,1095,0
